,Thr,TP,FP,TN,FN,Accuracy,Precision,Recall,Specificity,F1,F2,Mean RT
0,0.6,69.0,296.0,1192.0,296.0,0.6805180787911494,0.18904109589041096,0.18904109589041096,0.8010752688172043,0.18904109589041096,0.18904109589041096,0.0
