,TP,FP,TN,FN,Acc,Histo-real,Histo-pred,Conf
0.1,334,0,0,91,0.7858823529411765,1,1,0.7858823529411765
0.2,240,0,0,85,0.7384615384615385,1,1,0.7384615384615385
0.3,179,0,0,76,0.7019607843137254,1,1,0.7019607843137254
0.4,122,0,0,69,0.6387434554973822,1,1,0.6387434554973822
0.5,71,0,0,37,0.6574074074074074,1,1,0.6574074074074074
0.6,27,0,0,15,0.6428571428571429,1,1,0.6428571428571429
0.7,6,0,0,3,0.6666666666666666,1,1,0.6666666666666666
0.8,0,0,0,0,0.0,1,1,0.0
0.9,0,0,0,0,0.0,1,1,0.0
