,TP,FP,TN,FN,Acc,Histo-real,Histo-pred,Conf
0.1,819,0,0,32,0.9623971797884842,1,1,0.9623971797884842
0.2,736,0,0,16,0.9787234042553191,1,1,0.9787234042553191
0.3,684,0,0,16,0.9771428571428571,1,1,0.9771428571428571
0.4,621,0,0,12,0.981042654028436,1,1,0.981042654028436
0.5,574,0,0,7,0.9879518072289156,1,1,0.9879518072289156
0.6,489,0,0,5,0.9898785425101214,1,1,0.9898785425101214
0.7,364,0,0,2,0.994535519125683,1,1,0.994535519125683
0.8,250,0,0,1,0.9960159362549801,1,1,0.9960159362549801
0.9,34,0,0,0,1.0,1,1,1.0
