,TP,FP,TN,FN,Acc,Histo-real,Histo-pred,Conf
0.1,134,0,0,12,0.9178082191780822,1,1,0.9178082191780822
0.2,63,0,0,6,0.9130434782608695,1,1,0.9130434782608695
0.3,33,0,0,5,0.868421052631579,1,1,0.868421052631579
0.4,20,0,0,4,0.8333333333333334,1,1,0.8333333333333334
0.5,15,0,0,2,0.8823529411764706,1,1,0.8823529411764706
0.6,9,0,0,2,0.8181818181818182,1,1,0.8181818181818182
0.7,7,0,0,0,1.0,1,1,1.0
0.8,0,0,0,0,0.0,1,1,0.0
0.9,0,0,0,0,0.0,1,1,0.0
