,TP,FP,TN,FN,Acc,Histo-real,Histo-pred,Conf
0.1,401,0,0,4,0.9901234567901235,1,1,0.9901234567901235
0.2,384,0,0,1,0.9974025974025974,1,1,0.9974025974025974
0.3,361,0,0,5,0.9863387978142076,1,1,0.9863387978142076
0.4,331,0,0,8,0.976401179941003,1,1,0.976401179941003
0.5,291,0,0,11,0.9635761589403974,1,1,0.9635761589403974
0.6,235,0,0,10,0.9591836734693877,1,1,0.9591836734693877
0.7,176,0,0,7,0.9617486338797814,1,1,0.9617486338797814
0.8,95,0,0,4,0.9595959595959596,1,1,0.9595959595959596
0.9,11,0,0,0,1.0,1,1,1.0
