,TP,FP,TN,FN,Acc,Histo-real,Histo-pred,Conf
0.1,50,0,0,871,0.05428881650380022,1,0,0.9457111834961998
0.2,14,0,0,703,0.019525801952580194,1,0,0.9804741980474198
0.3,7,0,0,512,0.01348747591522158,1,0,0.9865125240847784
0.4,3,0,0,385,0.007731958762886598,1,0,0.9922680412371134
0.5,1,0,0,241,0.004132231404958678,1,0,0.9958677685950413
0.6,0,0,0,126,0.0,1,0,1.0
0.7,0,0,0,52,0.0,1,0,1.0
0.8,0,0,0,9,0.0,1,0,1.0
0.9,0,0,0,1,0.0,1,0,1.0
