,TP,FP,TN,FN,Acc,Histo-real,Histo-pred,Conf
0.1,219,0,0,6,0.9733333333333334,1,1,0.9733333333333334
0.2,197,0,0,7,0.9656862745098039,1,1,0.9656862745098039
0.3,182,0,0,6,0.9680851063829787,1,1,0.9680851063829787
0.4,175,0,0,6,0.9668508287292817,1,1,0.9668508287292817
0.5,170,0,0,6,0.9659090909090909,1,1,0.9659090909090909
0.6,162,0,0,2,0.9878048780487805,1,1,0.9878048780487805
0.7,153,0,0,0,1.0,1,1,1.0
0.8,99,0,0,0,1.0,1,1,1.0
0.9,50,0,0,0,1.0,1,1,1.0
