,TP,FP,TN,FN,Acc,Histo-real,Histo-pred,Conf
0.1,0,277,59,0,0.17559523809523808,0,1,0.8244047619047619
0.2,0,217,55,0,0.20220588235294118,0,1,0.7977941176470589
0.3,0,181,47,0,0.20614035087719298,0,1,0.793859649122807
0.4,0,151,38,0,0.20105820105820105,0,1,0.798941798941799
0.5,0,107,27,0,0.20149253731343283,0,1,0.7985074626865671
0.6,0,58,12,0,0.17142857142857143,0,1,0.8285714285714286
0.7,0,24,0,0,0.0,0,1,1.0
0.8,0,11,0,0,0.0,0,1,1.0
0.9,0,0,0,0,0.0,0,1,0.0
