,Thr,TP,FP,TN,FN,Accuracy,Precision,Recall,Specificity,F1,F2,Mean RT
0,0.6,206.0,159.0,1192.0,159.0,0.8146853146853147,0.5643835616438356,0.5643835616438356,0.8823094004441154,0.5643835616438356,0.5643835616438356,0.0
