,Thr,TP,FP,TN,FN,Accuracy,Precision,Recall,Specificity,F1,F2,Mean RT
0,0.1,361.0,770.0,581.0,4.0,0.548951048951049,0.3191865605658709,0.989041095890411,0.43005181347150256,0.482620320855615,0.6966422230798919,0.0
1,0.2,359.0,509.0,842.0,6.0,0.6998834498834499,0.41359447004608296,0.9835616438356164,0.6232420429311621,0.5823195458231955,0.7710481099656358,0.0
2,0.3,358.0,376.0,975.0,7.0,0.7768065268065268,0.4877384196185286,0.9808219178082191,0.7216876387860843,0.651501364877161,0.8158614402917045,0.0
3,0.4,358.0,271.0,1080.0,7.0,0.837995337995338,0.5691573926868044,0.9808219178082191,0.7994078460399704,0.7203219315895372,0.8568693154619437,0.0
4,0.5,356.0,179.0,1172.0,9.0,0.8904428904428905,0.6654205607476635,0.9753424657534246,0.8675055514433753,0.7911111111111111,0.8922305764411027,0.0
5,0.6,345.0,93.0,1258.0,20.0,0.9341491841491841,0.7876712328767124,0.9452054794520548,0.9311621021465581,0.8592777085927772,0.9088514225500528,0.0
6,0.7,332.0,33.0,1318.0,33.0,0.9615384615384616,0.9095890410958904,0.9095890410958904,0.9755736491487786,0.9095890410958904,0.9095890410958904,0.0
7,0.8,313.0,6.0,1345.0,52.0,0.9662004662004662,0.9811912225705329,0.8575342465753425,0.9955588452997779,0.9152046783625731,0.8797077009555933,0.0
8,0.9,190.0,0.0,1351.0,175.0,0.8980186480186481,1.0,0.5205479452054794,1.0,0.6846846846846847,0.5757575757575757,75.99999240000075
